date,open_price,close_price,min_price,max_price,total_volume,7_day_MA,daily_return,volatility,VWAP,RSI
2023-09-25,26249.562897845204,26249.562897845204,26249.562897845204,26249.562897845204,7226298594.4955225,,,,,
2023-09-26,26298.634678281232,26298.634678281232,26298.634678281232,26298.634678281232,11974957450.276283,,0.0018694322883394676,,,
2023-09-27,26204.75759083597,26204.75759083597,26204.75759083597,26204.75759083597,9786025048.05344,,-0.003569656318424541,,,
2023-09-28,26350.146895428057,26350.146895428057,26350.146895428057,26350.146895428057,12889674588.31686,,0.005548202615044628,,,
2023-09-29,27009.01375072488,27009.01375072488,27009.01375072488,27009.01375072488,16683207554.844349,,0.025004295342700322,,,
2023-09-30,26917.199101637976,26917.199101637976,26917.199101637976,26917.199101637976,9059145545.41355,,-0.00339940769160596,,,
2023-10-01,26969.876144072576,26969.876144072576,26969.876144072576,26969.876144072576,6295435107.555985,26571.3130084037,0.0019570031129796384,,,
2023-10-02,27967.510579087113,27967.510579087113,27967.510579087113,27967.510579087113,9358226524.285364,26816.734105723972,0.03699069397594523,0.015617519385773023,,
2023-10-03,27615.06488509527,27615.06488509527,27615.06488509527,27615.06488509527,18127133423.881855,27004.795563840267,-0.012601968737803393,0.01758368120334479,,
2023-10-04,27439.121946705116,27439.121946705116,27439.121946705116,27439.121946705116,12676657038.293432,27181.133328964428,-0.006371266521452812,0.017896976795155877,,
2023-10-05,27792.1112772493,27792.1112772493,27792.1112772493,27792.1112772493,10876597601.123325,27387.12824065317,0.012864454308333606,0.018029429985535243,,
2023-10-06,27435.874615135104,27435.874615135104,27435.874615135104,27435.874615135104,13376186563.311193,27448.10836414035,-0.01281790572009589,0.017670241367516337,,
2023-10-07,27958.196437350485,27958.196437350485,27958.196437350485,27958.196437350485,13817979024.520027,27596.82226924214,0.019037914028344538,0.018465446201071028,,
2023-10-08,27977.543490700005,27977.543490700005,27977.543490700005,27977.543490700005,7226218924.820883,27740.77474733177,0.0006919993352529907,0.018512939937645745,,72.33332532436371
2023-10-09,27948.10365174851,27948.10365174851,27948.10365174851,27948.10365174851,7141598446.869208,27738.002329140545,-0.0010522667567751665,0.01220119518516012,,71.78703192294311
2023-10-10,27593.782534439666,27593.782534439666,27593.782534439666,27593.782534439666,7640029989.224315,27734.961993332596,-0.012677823215625494,0.012214242709079254,,65.40630785107561
2023-10-11,27392.247702732497,27392.247702732497,27392.247702732497,27392.247702732497,10151720983.669058,27728.265672765083,-0.0073036319488143375,0.012299496040674401,,63.772914595012956
2023-10-12,26842.190439092396,26842.190439092396,26842.190439092396,26842.190439092396,14608441295.942532,27592.562695885525,-0.020080764076371493,0.012770530441344173,,55.217156480506986
2023-10-13,26729.137205815106,26729.137205815106,26729.137205815106,26729.137205815106,10867640258.925844,27491.60020883981,-0.004211773757205828,0.012284668823714574,,46.64401797567876
2023-10-14,26841.136220644406,26841.136220644406,26841.136220644406,26841.136220644406,14344414895.617512,27332.020177881797,0.004190147028200197,0.00837172462190167,,49.09232844927069
2023-10-15,26863.183569079916,26863.183569079916,26863.183569079916,26863.183569079916,5543160607.188677,27172.825903364643,0.0008214014583538543,0.008388517799134637,,48.71744326642846
2023-10-16,27150.29700140705,27150.29700140705,27150.29700140705,27150.29700140705,6604845643.42894,27058.85352474443,0.010687989812853127,0.010415283191281606,,38.152374313992944
2023-10-17,28513.30993247735,28513.30993247735,28513.30993247735,28513.30993247735,22792799561.834,27190.21458160696,0.05020250537221238,0.02220716212934292,,60.07132865136149
2023-10-18,28417.72175169982,28417.72175169982,28417.72175169982,28417.72175169982,10403248077.491972,27336.710874316577,-0.003352405631050659,0.0218932444719664,,61.17362338628574
2023-10-19,28328.245198134824,28328.245198134824,28328.245198134824,28328.245198134824,13461030457.558897,27549.00441132264,-0.0031486181174831263,0.019392981206017443,,56.513515984683096
2023-10-20,28715.748142407952,28715.748142407952,28715.748142407952,28715.748142407952,11193923144.463654,27832.805973693048,0.013679031001138098,0.0186996824828532,,65.43200447411569
2023-10-21,29677.392888476206,29677.392888476206,29677.392888476206,29677.392888476206,23561406297.715862,28237.98549766902,0.03348840995885727,0.020279751706590694,,68.7433987768973
2023-10-22,29920.07449265145,29920.07449265145,29920.07449265145,29920.07449265145,7452489477.484937,28674.68420103638,0.008177322215843219,0.019625265554447192,,70.19484240405829
2023-10-23,30019.38050086351,30019.38050086351,30019.38050086351,30019.38050086351,11330304246.065748,29084.553272387304,0.0033190428130935867,0.020128618923424546,,71.22497289193812
2023-10-24,32953.262760830985,32953.262760830985,32953.262760830985,32953.262760830985,35558857925.14893,29718.832247866394,0.0977329382224621,0.03593868765679074,,85.92674505110108
2023-10-25,33846.72425733224,33846.72425733224,33846.72425733224,33846.72425733224,46464714676.18555,30494.40403438531,0.02711299038841286,0.03424438549915476,,89.59399789152127
2023-10-26,34471.986031672015,34471.986031672015,34471.986031672015,34471.986031672015,23840463172.498646,31372.081296319193,0.018473332000638942,0.03211026313625521,,96.37591994862136
2023-10-27,34174.451552912586,34174.451552912586,34174.451552912586,34174.451552912586,17712548549.578587,32151.89606924843,-0.008631196313611311,0.03485732811714864,,94.26195255735257
2023-10-28,33899.09305644032,33899.09305644032,33899.09305644032,33899.09305644032,14148818689.499771,32754.996093243302,-0.008057437177767968,0.03678729194674044,,91.15968039835062
2023-10-29,34092.630932838576,34092.630932838576,34092.630932838576,34092.630932838576,8431785274.868206,33351.07558469861,0.005709234641647409,0.03692805700317014,,91.33303296398796
2023-10-30,34556.242814761616,34556.242814761616,34556.242814761616,34556.242814761616,10359013389.425524,33999.19877239833,0.013598595040562822,0.03638329809097194,,91.50448891972309
2023-10-31,34498.70391946407,34498.70391946407,34498.70391946407,34498.70391946407,17075173423.648043,34219.97608077449,-0.0016650796096666642,0.013703146674517202,,89.29286834023003
2023-11-01,34672.2892841885,34672.2892841885,34672.2892841885,34672.2892841885,16419150928.652367,34337.913941753955,0.005031648873814465,0.010334626629751249,,90.64371639786879
2023-11-02,35457.45491210553,35457.45491210553,35457.45491210553,35457.45491210553,18642295524.912045,34478.69521038731,0.022645335630465224,0.011407106631456797,,92.48597912868867
2023-11-03,34924.05545044328,34924.05545044328,34924.05545044328,34924.05545044328,20690186421.955303,34585.78148146313,-0.015043365717716584,0.012774438364277928,,86.36556435938618
2023-11-04,34731.38136896784,34731.38136896784,34731.38136896784,34731.38136896784,17254049537.002068,34704.6798118242,-0.00551694466723196,0.012433706208006736,,82.5350130738365
2023-11-05,35048.407834901074,35048.407834901074,35048.407834901074,35048.407834901074,10001404422.938835,34841.2193692617,0.00912795441578651,0.01259928827649921,,82.70060101520849
2023-11-06,35061.92874919579,35061.92874919579,35061.92874919579,35061.92874919579,12796779677.519655,34913.46021703801,0.0003857782743914573,0.011896180636469345,,82.50925045593286
2023-11-07,35031.26888208706,35031.26888208706,35031.26888208706,35031.26888208706,12717348149.539808,34989.54092598415,-0.0008744489593839333,0.011857746898574112,,71.41242721902194
2023-11-08,35436.53762957962,35436.53762957962,35436.53762957962,35436.53762957962,18582602380.374496,35098.71926104003,0.011568771569670178,0.012360035875742865,,68.21449288066394
2023-11-09,35795.080630710196,35795.080630710196,35795.080630710196,35795.080630710196,14717120833.223528,35146.95150655498,0.010117890322086431,0.009691549593029723,,66.14543947945866
2023-11-10,36768.42081912672,36768.42081912672,36768.42081912672,36768.42081912672,38190964507.15763,35410.43227350976,0.027192009942881734,0.01083191709395289,,77.17204904526356
2023-11-11,37344.249000720345,37344.249000720345,37344.249000720345,37344.249000720345,23152060053.421646,35783.69907804583,0.015660944059204374,0.009487625009883482,,83.95111621866477
2023-11-12,37122.722824306555,37122.722824306555,37122.722824306555,37122.722824306555,12033297219.971031,36080.029790818044,-0.005932002445932616,0.011361018084608312,,79.6969491609677
2023-11-13,37067.69698212008,37067.69698212008,37067.69698212008,37067.69698212008,8831221164.408867,36366.568109807224,-0.001482268486794558,0.011597455603956136,,76.75686284759422
2023-11-14,36549.16204829837,36549.16204829837,36549.16204829837,36549.16204829837,18041088204.36723,36583.409990694556,-0.013988862973381533,0.014072020211735495,,69.8915289253224
2023-11-15,35545.201433454065,35545.201433454065,35545.201433454065,35545.201433454065,22330924588.059715,36598.93339124804,-0.027468772430886634,0.018584265802474166,,57.29313999904919
2023-11-16,37903.66245166294,37903.66245166294,37903.66245166294,37903.66245166294,28479730068.295124,36900.15936566987,0.06635103820199939,0.031237648209011055,,66.18339604899819
2023-11-17,36201.51611146142,36201.51611146142,36201.51611146142,36201.51611146142,12023334732.149555,36819.17297886054,-0.04490717334696093,0.035665591545679415,,57.31941937880707
2023-11-18,36527.76022530742,36527.76022530742,36527.76022530742,36527.76022530742,22683923623.963726,36702.53172523012,0.00901189090648935,0.03521241619989989,,60.137479332176426
2023-11-19,36582.36844192274,36582.36844192274,36582.36844192274,36582.36844192274,8877846889.346693,36625.338242032434,0.0014949785116440406,0.0352082632352929,,58.920794447736384
2023-11-20,37413.99460790531,37413.99460790531,37413.99460790531,37413.99460790531,12599067947.734495,36674.80933143032,0.02273297769943028,0.03638814774199893,,62.49003006351792
2023-11-21,37489.298470802016,37489.298470802016,37489.298470802016,37489.298470802016,16005284775.311718,36809.11453464513,0.0020127191358709773,0.03572090849734184,,62.991126521365
2023-11-22,35965.36036068078,35965.36036068078,35965.36036068078,35965.36036068078,18891503534.641026,36869.13723853466,-0.04064995004662819,0.03794521743489137,,52.49937798405613
2023-11-23,37464.83293220907,37464.83293220907,37464.83293220907,37464.83293220907,25245202377.321384,36806.44730718411,0.041692132554511874,0.03162540845663316,,57.12350671506108
2023-11-24,37293.316127426726,37293.316127426726,37293.316127426726,37293.316127426726,11956046626.60703,36962.41873803629,-0.004578074726576231,0.025404044306251365,,52.40376457238616
2023-11-25,37738.93169747125,37738.93169747125,37738.93169747125,37738.93169747125,22996708651.54232,37135.4432340597,0.011948939282361293,0.025514401796568546,,51.82927055972118
2023-11-26,37809.85286625321,37809.85286625321,37809.85286625321,37809.85286625321,7505379785.011788,37310.7981518212,0.0018792574562123132,0.025506139705468302,,53.229791280182255
2023-11-27,37491.838186008135,37491.838186008135,37491.838186008135,37491.838186008135,10229112671.374176,37321.918662978744,-0.008410894413422021,0.02459860343355306,,51.94553685179003
2023-11-28,37250.16905148115,37250.16905148115,37250.16905148115,37250.16905148115,17979133247.880783,37287.75731736147,-0.006445913196573505,0.02472258225524653,,53.299322777650666
2023-11-29,37802.23604377473,37802.23604377473,37802.23604377473,37802.23604377473,19715537240.688644,37550.168129232035,0.014820523137240027,0.01764104942995327,,61.09478133381078
2023-11-30,37810.34641654128,37810.34641654128,37810.34641654128,37810.34641654128,20964545194.804527,37599.52719842235,0.00021454743463222847,0.009005139264362819,,49.40344582931793
2023-12-01,37711.81837585267,37711.81837585267,37711.81837585267,37711.81837585267,16566770727.560837,37659.31323391177,-0.002605848663833066,0.008817769745246867,,62.14530982296868
2023-12-02,38688.25874179069,38688.25874179069,38688.25874179069,38688.25874179069,24470176251.56647,37794.93138310027,0.025892158161305856,0.012389204022361162,,65.7291158147539
2023-12-03,39481.666416062864,39481.666416062864,39481.666416062864,39481.666416062864,14892418344.328642,38033.76189021593,0.02050771216061853,0.013865570799770466,,69.05769964321846
2023-12-04,39960.275420410515,39960.275420410515,39960.275420410515,39960.275420410515,14107800648.629307,38386.39578084484,0.012122310119943025,0.012325664996844003,,67.55180719919343
2023-12-05,41974.331772543344,41974.331772543344,41974.331772543344,41974.331772543344,40273974905.38232,39061.27616956801,0.050401463226755094,0.017799457439745196,,74.39542165038463
2023-12-06,44105.94477259938,44105.94477259938,44105.94477259938,44105.94477259938,37740677039.99004,39961.80598797154,0.05078372686448307,0.021712413695308727,,91.53341707209825
2023-12-07,43788.28880825234,43788.28880825234,43788.28880825234,43788.28880825234,30306637687.601166,40815.79775821597,-0.007202112231918023,0.02311528948635784,,86.6865322277095
2023-12-08,43270.11955970747,43270.11955970747,43270.11955970747,43270.11955970747,27712048105.023373,41609.84078448095,-0.011833512170660976,0.02490710423088256,,83.33455134377718
2023-12-09,44202.17610943621,44202.17610943621,44202.17610943621,44202.17610943621,24726661392.984177,42397.543265573164,0.021540420022242213,0.02479236527694447,,84.19228956617057
2023-12-10,43745.49199189547,43745.49199189547,43745.49199189547,43745.49199189547,17074228506.041449,43006.66120497782,-0.010331711190192938,0.0272011968495921,,80.16971612562955
2023-12-11,43757.959937619176,43757.959937619176,43757.959937619176,43757.959937619176,11865167562.179707,43549.18756457906,0.000285010984126588,0.02777675425792799,,82.87047630564167
2023-12-12,41200.96272610168,41200.96272610168,41200.96272610168,41200.96272610168,39734542163.66172,43438.70627223025,-0.058435018798013494,0.03347481584420838,,66.67442988077394
2023-12-13,41450.819387377436,41450.819387377436,41450.819387377436,41450.819387377436,24919333990.627098,43059.40264576997,0.006064340363519438,0.02483732751927969,,65.80204922060753
2023-12-14,42931.76182603245,42931.76182603245,42931.76182603245,42931.76182603245,26301358636.124893,42937.04164830998,0.03572769997174019,0.029993169532289022,,69.67129432754552
2023-12-15,43009.5954563739,43009.5954563739,43009.5954563739,43009.5954563739,22978695605.48269,42899.82391926233,0.0018129614772588454,0.02972206833630416,,70.38109799996539
2023-12-16,41992.01418722399,41992.01418722399,41992.01418722399,41992.01418722399,17134765249.072596,42584.08650180344,-0.02365940107904707,0.02904375828146416,,62.66978414096257
2023-12-17,42247.06788172229,42247.06788172229,42247.06788172229,42247.06788172229,13524832238.374014,42370.025914635844,0.006073861886241483,0.02938378692557612,,61.061980122293
2023-12-18,41410.819634575855,41410.819634575855,41410.819634575855,41410.819634575855,16536428696.461372,42034.720157058226,-0.019794231625438474,0.029805605834308965,,55.64097304136699
2023-12-19,42684.182554683386,42684.182554683386,42684.182554683386,42684.182554683386,26473040426.60815,42246.60870399848,0.030749522258775475,0.022565573911025868,,52.929267695355605
2023-12-20,42250.206182797505,42250.206182797505,42250.206182797505,42250.206182797505,23402523667.558952,42360.80681762991,-0.010167147311065605,0.02329399433294325,,41.09435240183577
2023-12-21,43634.1241684964,43634.1241684964,43634.1241684964,43634.1241684964,28334648885.87903,42461.14429512476,0.03275529543480338,0.02261436154739762,,49.32885220182217
2023-12-22,43849.69959939619,43849.69959939619,43849.69959939619,43849.69959939619,21948638202.58336,42581.15917269937,0.004940523844762623,0.022628524798424386,,52.59144742387565
2023-12-23,44003.6960216438,44003.6960216438,44003.6960216438,44003.6960216438,20833936534.62855,42868.5422919022,0.003511915102144325,0.01939570025116735,,49.04618100035021
2023-12-24,43752.03088478376,43752.03088478376,43752.03088478376,43752.03088478376,9872050975.657969,43083.537006625265,-0.005719181787281147,0.01997947506231054,,50.03205504525302
2023-12-25,43034.971063091514,43034.971063091514,43034.971063091514,43034.971063091514,18313974069.822754,43315.55863927037,-0.016389177992229498,0.01929991861861564,,46.68477432097795
2023-12-26,43638.236302200916,43638.236302200916,43638.236302200916,43638.236302200916,18744716867.39297,43451.852031772876,0.014018023579590366,0.016510587049811946,,63.61554345559619
2023-12-27,42516.426940282516,42516.426940282516,42516.426940282516,42516.426940282516,20477744539.87234,43489.88356855645,-0.025707027986871744,0.019409951799177965,,55.424436527094606
2023-12-28,43418.46777504291,43418.46777504291,43418.46777504291,43418.46777504291,23244754807.443966,43459.0755123488,0.021216289789059095,0.016548457402596972,,52.63272533313147
2023-12-29,42600.65063315619,42600.65063315619,42600.65063315619,42600.65063315619,20336573643.81929,43280.63994574309,-0.018835697890675074,0.01762894557748882,,47.95186981840392
2023-12-30,42074.70715618848,42074.70715618848,42074.70715618848,42074.70715618848,24832397519.050613,43005.0701078209,-0.012345902448690937,0.017523366714779352,,50.43560526265407
2023-12-31,42220.61140121376,42220.61140121376,42220.61140121376,42220.61140121376,14727224645.41767,42786.29589588232,0.0034677423774729377,0.017909677188294663,,49.859012803114396
2024-01-01,42208.202176186474,42208.202176186474,42208.202176186474,42208.202176186474,14183728910.169804,42668.18605489589,-0.00029391391113131604,0.017214402407996175,,54.658292020210624
2024-01-02,44168.68118687473,44168.68118687473,44168.68118687473,44168.68118687473,16958999497.58364,42743.96389556358,0.04644782079333254,0.025032982016126214,,58.027910219327
2024-01-03,44994.67388689237,44994.67388689237,44994.67388689237,44994.67388689237,39089952715.542786,43097.9991736507,0.01870086852996411,0.02232360800645498,,64.23792801834594
2024-01-04,42821.558989157995,42821.558989157995,42821.558989157995,42821.558989157995,43146162597.56747,43012.72648995286,-0.0482971585302997,0.029836427015214658,,46.10357967361833
2024-01-05,44195.57856209971,44195.57856209971,44195.57856209971,44195.57856209971,26123887042.79777,43240.57333694479,0.03208709830694412,0.03111254194497467,,51.49272130069749
2024-01-06,44113.69973389081,44113.69973389081,44113.69973389081,44113.69973389081,29364675804.010384,43531.85799090227,-0.0018526475016918953,0.03034248889182037,,50.477720382739406
2024-01-07,43956.12071720152,43956.12071720152,43956.12071720152,43956.12071720152,11841102132.239353,43779.78789318623,-0.0035721106513364465,0.03060159719338745,,50.8936169179237
2024-01-08,43883.74387905174,43883.74387905174,43883.74387905174,43883.74387905174,15144653805.362787,44019.150993595555,-0.0016465701924750498,0.030653475295407885,,53.93875606543725
2024-01-09,46936.185561217506,46936.185561217506,46936.185561217506,46936.185561217506,40821502383.50064,44414.508761358804,0.06955745823735127,0.03643697786772043,,62.469742264348135
2024-01-10,46105.94607828697,46105.94607828697,46105.94607828697,46105.94607828697,39887918405.77868,44573.26193155804,-0.01768868673504964,0.037451039490528804,,63.878183453474435
2024-01-11,46632.31314804979,46632.31314804979,46632.31314804979,46632.31314804979,52030057180.57072,45117.6553828283,0.011416468254854983,0.029484696110072716,,62.797472225632916
2024-01-12,46314.355541602694,46314.355541602694,46314.355541602694,46314.355541602694,49198128806.306175,45420.33780847157,-0.006818396622051193,0.0288626050769136,,65.4009960574815
2024-01-13,42893.92960550481,42893.92960550481,42893.92960550481,42893.92960550481,45913301456.05085,45246.08493298786,-0.07385239190093928,0.04227806729286528,,52.73965705190782
2024-01-14,42848.47451640749,42848.47451640749,42848.47451640749,42848.47451640749,19424747840.478386,45087.849761445854,-0.0010597091363595545,0.04228533450926541,,52.11391231645851
2024-01-15,41800.93282193406,41800.93282193406,41800.93282193406,41800.93282193406,16968959097.076523,44790.305324714755,-0.024447584337507933,0.04304670153784568,,48.7181395511123
2024-01-16,42587.336038354406,42587.336038354406,42587.336038354406,42587.336038354406,22634527323.56315,44169.04110716289,0.01881305423901214,0.03067047466677492,,44.625586831324654
2024-01-17,43148.00164342693,43148.00164342693,43148.00164342693,43148.00164342693,22023116042.275295,43746.4776164686,0.013165078101329941,0.032129815752119574,,43.60856774617136
2024-01-18,42713.859186938986,42713.859186938986,42713.859186938986,42713.859186938986,21299064875.187115,43186.698479167055,-0.010061704828781548,0.030859013790054807,,49.57623508846701
2024-01-19,41261.39479801012,41261.39479801012,41261.39479801012,41261.39479801012,25160430945.289833,42464.84694436811,-0.03400452257362396,0.031789427922558074,,38.525739937718825
2024-01-20,41600.94093254464,41600.94093254464,41600.94093254464,41600.94093254464,24407872954.726807,42280.134276802375,0.008229148243696693,0.019698246172667806,,40.367852419442414
2024-01-21,41626.10711003664,41626.10711003664,41626.10711003664,41626.10711003664,9533488489.00503,42105.51036160654,0.0006049425067766734,0.01975238186650873,,40.97676899827041
2024-01-22,41541.89945706261,41541.89945706261,41541.89945706261,41541.89945706261,8032696833.695371,42068.50559519634,-0.002022952873095507,0.01757363027249399,,40.939255444254044
2024-01-23,39504.73005758438,39504.73005758438,39504.73005758438,39504.73005758438,31202848830.101707,41628.13331222918,-0.049038908333593034,0.022890607461200238,,18.795724164907256
2024-01-24,39833.45410501688,39833.45410501688,39833.45410501688,39833.45410501688,29683327703.0343,41154.62652102775,0.008321131341824994,0.022118017234057374,,22.50411217063889
2024-01-25,40123.67105847147,40123.67105847147,40123.67105847147,40123.67105847147,22217129215.385582,40784.59964553239,0.0072857591683981315,0.02320402263347562,,20.865748568323042
2024-01-26,39938.28644155878,39938.28644155878,39938.28644155878,39938.28644155878,13376924612.77818,40595.58416603935,-0.004620330394059069,0.02033565100608204,,21.116369752110785
2024-01-27,41862.9356109399,41862.9356109399,41862.9356109399,41862.9356109399,22681602408.52447,40633.01197723866,0.048190579538194056,0.02847341616282416,,44.59745098007804
2024-01-28,42119.61049464309,42119.61049464309,42119.61049464309,42119.61049464309,10694258830.371908,40703.51246075387,0.006131315923198599,0.02852924745479004,,46.26336880780283
2024-01-29,42026.57856232145,42026.57856232145,42026.57856232145,42026.57856232145,13669905344.783924,40772.752332933705,-0.0022087557607750608,0.028533738498720512,,51.28230442121556
2024-01-30,43267.60927638767,43267.60927638767,43267.60927638767,43267.60927638767,20680322267.003654,41310.306507048466,0.029529663287386043,0.018950518340204718,,53.67593098418514
2024-01-31,42892.03453014447,42892.03453014447,42892.03453014447,42892.03453014447,24526664209.358597,41747.246567780974,-0.008680274979929736,0.02069419218942413,,48.588621606564885
2024-02-01,42583.26354663417,42583.26354663417,42583.26354663417,42583.26354663417,22197944957.07849,42098.61692323279,-0.007198795461504592,0.02179926691756391,,49.26981264970882
2024-02-02,43069.043420936796,43069.043420936796,43069.043420936796,43069.043420936796,22443682768.722225,42545.86792028679,0.011407765254314972,0.02098941952394847,,61.33190259986056
2024-02-03,43170.65856159975,43170.65856159975,43170.65856159975,43170.65856159975,18624791426.130833,42732.68548466677,0.0023593544827502644,0.013146799629122255,,60.14292053028701
2024-02-04,42976.84829990829,42976.84829990829,42976.84829990829,42976.84829990829,7779819312.310763,42855.14802827609,-0.00448939784911806,0.013531316832153585,,58.541815016329195
2024-02-05,42599.35997055978,42599.35997055978,42599.35997055978,42599.35997055978,11250814654.362,42936.973943738696,-0.008783527510306421,0.014163317703829885,,56.44799203995739
2024-02-06,42648.45692113544,42648.45692113544,42648.45692113544,42648.45692113544,18682275991.626797,42848.5236072741,0.0011525278926629579,0.007445017972761737,,75.30427787410804
2024-02-07,43087.78740814285,43087.78740814285,43087.78740814285,43087.78740814285,17131113853.23615,42876.48830413101,0.010301204749794568,0.008052457910347751,,75.73631034858519
2024-02-08,44247.415415479314,44247.415415479314,44247.415415479314,44247.415415479314,21200879624.73537,43114.2242853946,0.026913148181688884,0.011895580011585487,,78.66950177709533
2024-02-09,45338.271189789484,45338.271189789484,45338.271189789484,45338.271189789484,27709605138.49859,43438.39968094498,0.024653547875443715,0.013871762459700891,,83.34420055960848
2024-02-10,47143.24299107112,47143.24299107112,47143.24299107112,47143.24299107112,41993952311.122856,44005.91174229804,0.03981121807062049,0.018147418223362716,,83.09433753348142
2024-02-11,47768.995251247936,47768.995251247936,47768.995251247936,47768.995251247936,16461159742.317774,44690.50416391799,0.013273424153177782,0.016494489464651527,,83.84187484707022
2024-02-12,48189.88179303987,48189.88179303987,48189.88179303987,48189.88179303987,13196875460.84672,45489.150138558005,0.008810872817781146,0.013223493003710556,,85.52503288595905
2024-02-13,50050.13609456397,50050.13609456397,50050.13609456397,50050.13609456397,37684440686.70893,46546.53287761922,0.03860259108983266,0.01291662553878867,,86.48946359835017
2024-02-14,49732.14536955351,49732.14536955351,49732.14536955351,49732.14536955351,37331081151.024765,47495.726872106454,-0.006353443763062905,0.016674708019407132,,87.02868905425197
2024-02-15,51790.16929752642,51790.16929752642,51790.16929752642,51790.16929752642,41805076939.80903,48573.263140970324,0.0413821666586065,0.018367373579093117,,91.90486932531482
2024-02-16,51958.23029105492,51958.23029105492,51958.23029105492,51958.23029105492,31991869491.056656,49518.97158400825,0.0032450365736982345,0.01975347446899281,,91.66377142555818
2024-02-17,52166.43430976192,52166.43430976192,52166.43430976192,52166.43430976192,24850432117.896576,50236.570343821215,0.004007142228299676,0.01829749094017906,,91.74624033455343
2024-02-18,51684.51749264525,51684.51749264525,51684.51749264525,51684.51749264525,19851884283.15723,50795.93066402084,-0.009238063200851854,0.020444337107108662,,89.35683589464908
2024-02-19,52138.48578873693,52138.48578873693,52138.48578873693,52138.48578873693,17025880430.565874,51360.01694912042,0.008783448469965371,0.020444939536357697,,92.81881869080998
2024-02-20,51764.313185487765,51764.313185487765,51764.313185487765,51764.313185487765,22555121071.55909,51604.899390680956,-0.00717651457630164,0.017425629160009237,,89.7585620211489
2024-02-21,52286.79372554667,52286.79372554667,52286.79372554667,52286.79372554667,34499627551.319275,51969.84915582284,0.010093450640148438,0.016742962291693232,,89.8323096460133
2024-02-22,51842.75676625642,51842.75676625642,51842.75676625642,51842.75676625642,30624246621.0974,51977.3616513557,-0.008492334825902725,0.008310281824423458,,85.06111049415898
2024-02-23,51319.500125702674,51319.500125702674,51319.500125702674,51319.500125702674,23733644208.80861,51886.11448487681,-0.010093148458770296,0.008990257115720292,,79.13699665441457
2024-02-24,50841.081094770896,50841.081094770896,50841.081094770896,50841.081094770896,22637679779.740997,51696.77831130666,-0.009322363424427937,0.008983988979620031,,70.68738288587045
2024-02-25,51553.096712831146,51553.096712831146,51553.096712831146,51553.096712831146,15528276123.53668,51678.003914190354,0.014004730086935258,0.010699425596686003,,70.96760146800042
2024-02-26,51751.884054934555,51751.884054934555,51751.884054934555,51751.884054934555,15455098216.48263,51622.77509507573,0.0038559728663969395,0.010149023909358769,,70.23499814515527
2024-02-27,54478.191083122954,54478.191083122954,54478.191083122954,54478.191083122954,35407941475.56789,52010.471937595044,0.05268034348845019,0.02218046471426237,,72.90142548144253
2024-02-28,57003.52673730811,57003.52673730811,57003.52673730811,57003.52673730811,51983799587.1939,52684.29093927525,0.046354983599436794,0.02666030437125191,,80.61638006253261
2024-02-29,62558.58202419311,62558.58202419311,62558.58202419311,62558.58202419311,87218855804.01622,54215.12311898049,0.09745108074601427,0.03956463640463811,,85.02602438733574
2024-03-01,61298.216861101624,61298.216861101624,61298.216861101624,61298.216861101624,67692687247.36391,55640.654081180335,-0.020146958615591126,0.0413152423762846,,78.36432359066107
2024-03-02,62426.64052919186,62426.64052919186,62426.64052919186,62426.64052919186,36699193361.155365,57295.73400038334,0.018408751932330825,0.03855513957853648,,79.50956952857894
2024-03-03,62067.86680212177,62067.86680212177,62067.86680212177,62067.86680212177,25198213831.25236,58797.84401313914,-0.005747125330287872,0.04062017234672645,,80.07679208672977
2024-03-04,63053.10543906421,63053.10543906421,63053.10543906421,63053.10543906421,27108369390.44353,60412.30421087194,0.01587357013708046,0.039695227447659194,,80.67167811052258
2024-03-05,68186.64593432152,68186.64593432152,68186.64593432152,68186.64593432152,74551714626.1156,62370.65490390032,0.08141614056136337,0.04379422455654278,,86.40986760849287
2024-03-06,64291.536557569496,64291.536557569496,64291.536557569496,64291.536557569496,96403762012.66058,63411.79916393765,-0.05712422606185763,0.05477088261778133,,73.1531304349723
2024-03-07,66145.91927850846,66145.91927850846,66145.91927850846,66145.91927850846,73151905042.04068,63924.275914554135,0.02884334113368814,0.04322952485697886,,76.16271643705231
2024-03-08,66944.87639053575,66944.87639053575,66944.87639053575,66944.87639053575,48853892626.0196,64730.94156161616,0.012078705999432282,0.041307631712117605,,78.29586015326629
2024-03-09,68315.25192078314,68315.25192078314,68315.25192078314,68315.25192078314,63346588227.32869,65572.17176041492,0.020470207790855177,0.041356671625419734,,80.65357112968579
2024-03-10,68508.0039626159,68508.0039626159,68508.0039626159,68508.0039626159,21359706190.81524,66492.19135477122,0.002821508175894216,0.04080875453056367,,80.29457635120521
2024-03-11,69075.66688195744,69075.66688195744,69075.66688195744,69075.66688195744,36660543917.16198,67352.55727518453,0.008286081720485061,0.0408796409573188,,80.55095254694798
2024-03-12,72130.55300765681,72130.55300765681,72130.55300765681,72130.55300765681,66653067165.93465,67915.97257137529,0.0442252136475183,0.03210675955314331,,80.7737684179879
2024-03-13,71467.17350326062,71467.17350326062,71467.17350326062,71467.17350326062,64599341551.27301,68941.06356361687,-0.009196928024741036,0.017617126906533553,,76.965396643638
2024-03-14,73097.76702694128,73097.76702694128,73097.76702694128,73097.76702694128,51906601043.53671,69934.18467053585,0.022815978913819146,0.016984278155520314,,73.01690880339194
2024-03-15,71420.03180142345,71420.03180142345,71420.03180142345,71420.03180142345,63073551321.74747,70573.49258637695,-0.022951935384010747,0.022182125563733446,,71.7096284596137
2024-03-16,69497.7631929463,69497.7631929463,69497.7631929463,69497.7631929463,81204427005.22603,70742.42276811454,-0.026914978332995387,0.02528773019417549,,64.66693707960167
2024-03-17,65292.31329331289,65292.31329331289,65292.31329331289,65292.31329331289,49265436012.59228,70283.03838678553,-0.06051201803370043,0.034791970920539705,,55.76775941879324
2024-03-18,68425.41565643054,68425.41565643054,68425.41565643054,68425.41565643054,47190980586.56393,70190.14535456742,0.04798577665708992,0.040360071703746184,,58.92404540502102
2024-03-19,67708.94360930806,67708.94360930806,67708.94360930806,67708.94360930806,51101822566.75771,69558.48686908903,-0.010470846837379089,0.035187388925216695,,49.07000747020393
2024-03-20,62132.51737873437,62132.51737873437,62132.51737873437,62132.51737873437,80179417876.47993,68224.96456558527,-0.08235878354195869,0.044952223379630125,,46.05506475763898
2024-03-21,67819.05570684028,67819.05570684028,67819.05570684028,67819.05570684028,70836803714.91411,67470.86294842798,0.09152274152104778,0.0604219824236718,,52.681600650880654
2024-03-22,65535.97844847657,65535.97844847657,65535.97844847657,65535.97844847657,48393664548.05336,66630.283898007,-0.03366424428309234,0.06096450913282943,,47.84445085812036
2024-03-23,63509.04496523133,63509.04496523133,63509.04496523133,63509.04496523133,42436600223.53738,65774.75272261915,-0.030928560635419267,0.06116174638616085,,42.791542520185835
2024-03-24,64285.80279102199,64285.80279102199,64285.80279102199,64285.80279102199,25489933245.687557,65630.96550800616,0.012230664564644389,0.05745503604922988,,43.77647194404122
2024-03-25,67310.98326810106,67310.98326810106,67310.98326810106,67310.98326810106,28098318940.431744,65471.76088110195,0.04705829818930973,0.0573246700188094,,47.5745714947171
2024-03-26,69938.94530200244,69938.94530200244,69938.94530200244,69938.94530200244,44820310272.647514,65790.33255148686,0.039042098425960514,0.058983972154294205,,46.95202601341604
2024-03-27,70082.05122475982,70082.05122475982,70082.05122475982,70082.05122475982,36257324508.56845,66925.98024377621,0.0020461550019010843,0.04480236714868722,,48.04535760121775
2024-03-28,69435.75040305211,69435.75040305211,69435.75040305211,69435.75040305211,41441040887.822266,67156.93662894933,-0.0092220591494242,0.031534780498419714,,44.684611704025976
2024-03-29,70710.19534863312,70710.19534863312,70710.19534863312,70710.19534863312,30455289338.47621,67896.11047182884,0.01835430506883373,0.027045981428462602,,48.95747263737886
2024-03-30,69919.05546148612,69919.05546148612,69919.05546148612,69919.05546148612,25785951735.485695,68811.8262570081,-0.011188483969621688,0.022578203874506313,,50.64001102460263
2024-03-31,69702.3087473573,69702.3087473573,69702.3087473573,69702.3087473573,16408802301.837431,69585.61282219886,-0.003099966278123034,0.02350801465792881,,57.62336941388922
2024-04-01,71246.95144060145,71246.95144060145,71246.95144060145,71246.95144060145,19723005998.21497,70147.89398969892,0.022160567146245702,0.01868231941590932,,55.160893675749435
2024-04-02,69785.92503802372,69785.92503802372,69785.92503802372,69785.92503802372,36040088988.53872,70126.03395198766,-0.020506511128350335,0.01566424002814025,,53.69829147898088
2024-04-03,65440.41922587159,65440.41922587159,65440.41922587159,65440.41922587159,45161133992.09071,69462.9436664322,-0.062269086635799775,0.028070703601629138,,56.16011243116974
2024-04-04,66123.938539074,66123.938539074,66123.938539074,66123.938539074,35559952961.797325,68989.8276858639,0.010444910367141791,0.029057867276596424,,46.12036412245652
2024-04-05,68542.17715279506,68542.17715279506,68542.17715279506,68542.17715279506,37516850709.63811,68680.11080074418,0.036571303330518834,0.03229885260299592,,56.838018396991714
2024-04-06,67978.61023408506,67978.61023408506,67978.61023408506,67978.61023408506,35132808695.80448,68402.90433968688,-0.008222191679929991,0.032207906252206084,,60.891741701186675
2024-04-07,69000.6499164776,69000.6499164776,69000.6499164776,69000.6499164776,19119438138.850826,68302.66736384692,0.015034724582823067,0.03297138039665146,,61.35373428689294
2024-04-08,69401.97360911008,69401.97360911008,69401.97360911008,69401.97360911008,17935478429.01022,68039.09910220529,0.005816230616932705,0.03161106403704023,,55.76361814419671
2024-04-09,71624.18486236996,71624.18486236996,71624.18486236996,71624.18486236996,33111949671.02105,68301.70764854048,0.03201942448749295,0.033048636741962165,,54.751486866986475
2024-04-10,69158.64381207665,69158.64381207665,69158.64381207665,69158.64381207665,36488482038.859055,68832.88258942692,-0.034423303455822785,0.024207994701093118,,47.69795571470594
2024-04-11,70527.88997578963,70527.88997578963,70527.88997578963,70527.88997578963,38378062633.13138,69462.01850895771,0.019798626581423395,0.02460886143227552,,52.62796434210509
2024-04-12,70106.66413070948,70106.66413070948,70106.66413070948,70106.66413070948,30118549149.510498,69685.51664865979,-0.005972471957189418,0.021919182046998196,,48.485566585995244
2024-04-13,67252.10504226631,67252.10504226631,67252.10504226631,67252.10504226631,43471949726.09197,69581.73019268567,-0.04071737150581045,0.027524089477589365,,43.93582535524943
2024-04-14,64404.82548907413,64404.82548907413,64404.82548907413,64404.82548907413,49214481480.20075,68925.18384591375,-0.04233740418092091,0.030285381985449566,,39.24147204888627
2024-04-15,65752.66004728881,65752.66004728881,65752.66004728881,65752.66004728881,40292911692.95434,68403.85333708212,0.02092753994719443,0.032038780546556456,,38.751863285629355
2024-04-16,63430.5714573684,63430.5714573684,63430.5714573684,63430.5714573684,42796604938.03423,67233.33713636764,-0.03531550796956928,0.028159187340635418,,37.43215412415907
2024-04-17,63720.501587480736,63720.501587480736,63720.501587480736,63720.501587480736,42157169474.39519,66456.45967571107,0.004570826392557237,0.027962626841091624,,45.949056278739725
2024-04-18,61328.89798860725,61328.89798860725,61328.89798860725,61328.89798860725,41123362075.93534,65142.31796325645,-0.037532717717077224,0.025637913366607076,,39.54722583298202
2024-04-19,63461.592695107174,63461.592695107174,63461.592695107174,63461.592695107174,35901618166.42319,64193.02204388469,0.03477471104887786,0.03283276998886923,,38.785148619378006
2024-04-20,63988.818471785664,63988.818471785664,63988.818471785664,63988.818471785664,52227787323.81757,63726.83824810174,0.008307793017604759,0.031292208565548825,,41.17880522618449
2024-04-21,64894.41869109179,64894.41869109179,64894.41869109179,64894.41869109179,16601830590.687477,63796.78013410426,0.014152476025251604,0.027626610186465755,,40.87437827902082
2024-04-22,64936.4207567739,64936.4207567739,64936.4207567739,64936.4207567739,19592118541.18973,63680.17452117357,0.0006472369508701004,0.026268982935107973,,39.914756177208
2024-04-23,66841.66685207361,66841.66685207361,66841.66685207361,66841.66685207361,27748586313.20611,64167.47386327431,0.029340177254856936,0.023625037881168293,,39.042019433853085
2024-04-24,66406.95244392671,66406.95244392671,66406.95244392671,66406.95244392671,23232230785.201836,64551.2525570523,-0.006503644038515111,0.024236427092336334,,43.048212576169355
2024-04-25,64279.51812857524,64279.51812857524,64279.51812857524,64279.51812857524,30939903322.025898,64972.76971990487,-0.032036319045778416,0.022619726375015456,,34.79673371576213
2024-04-26,64486.183359158975,64486.183359158975,64486.183359158975,64486.183359158975,24705345525.57077,65119.13981476942,0.003215102362316369,0.01900724638382103,,36.18019572431859
2024-04-27,63802.330049258766,63802.330049258766,63802.330049258766,63802.330049258766,23302057197.884678,65092.49861155129,-0.010604648535197936,0.019375751763690406,,40.50390271828426
2024-04-28,63517.248743409626,63517.248743409626,63517.248743409626,63517.248743409626,19190483386.063873,64895.76004759669,-0.004468195842205813,0.01831728165663094,,47.15556272557186
2024-04-29,63030.433616681854,63030.433616681854,63030.433616681854,63030.433616681854,16180294651.046635,64623.47617044068,-0.007664298066409558,0.018317213112701763,,40.7664515190341
2024-04-30,63797.67963589958,63797.67963589958,63797.67963589958,63797.67963589958,27242983698.21234,64188.6208538444,0.012172627970223227,0.013647125165066202,,51.39202582971355
2024-05-01,60749.47209216387,60749.47209216387,60749.47209216387,60749.47209216387,39533113322.04938,63380.40937502113,-0.047779285408688255,0.020710178543648348,,40.68315079113711
2024-05-02,58297.574075325494,58297.574075325494,58297.574075325494,58297.574075325494,51109380171.692604,62525.84593884259,-0.040360811911559824,0.02220706789330296,,40.52988522984891
2024-05-03,59135.1733607733,59135.1733607733,59135.1733607733,59135.1733607733,28255509745.49032,61761.41593907322,0.014367652492118355,0.023949666414466626,,35.29388068881019
2024-05-04,62839.34073569376,62839.34073569376,62839.34073569376,62839.34073569376,33591665812.212433,61623.84603713536,0.06263898733029816,0.03708374817932802,,46.786750376625776
2024-05-05,63820.451902924986,63820.451902924986,63820.451902924986,63820.451902924986,20510614461.479218,61667.16077420898,0.015613008598512224,0.037596692035010676,,47.01045451258502
2024-05-06,64010.00865210892,64010.00865210892,64010.00865210892,64010.00865210892,18115695040.201984,61807.100064984275,0.0029701567997710843,0.0373891316933426,,47.44220658676517
2024-05-07,63172.48129551341,63172.48129551341,63172.48129551341,63172.48129551341,17917770174.27797,61717.78601635768,-0.013084318753140978,0.03755258344836057,,39.23479640357548
2024-05-08,62363.057191718624,62363.057191718624,62363.057191718624,62363.057191718624,19925137720.849453,61948.29817343693,-0.012812922449704,0.03220796530575137,,38.39067816737554
2024-05-09,61215.50400879193,61215.50400879193,61215.50400879193,61215.50400879193,20303831135.373127,62365.14530678927,-0.01840116945195369,0.027930878561070367,,40.679354603934065
2024-05-10,63148.599943097026,63148.599943097026,63148.599943097026,63148.599943097026,25837724247.550426,62938.49196140695,0.03157853497420282,0.029374143662797354,,46.31786223216539
2024-05-11,60888.21674957157,60888.21674957157,60888.21674957157,60888.21674957157,23987518755.480534,62659.75996338949,-0.03579466837843248,0.022645969185578207,,42.61863588143503
2024-05-12,60776.972079172134,60776.972079172134,60776.972079172134,60776.972079172134,12120618802.065384,62224.97713142481,-0.0018270311784129856,0.020992128250630397,,42.997289911101625
2024-05-13,61507.054004121346,61507.054004121346,61507.054004121346,61507.054004121346,13045696108.912676,61867.412181712294,0.01201247610687406,0.021947660975752212,,46.154848327418044
2024-05-14,62878.783300729294,62878.783300729294,62878.783300729294,62878.783300729294,27740460083.601814,61825.455325314564,0.022301983387401858,0.023892171353494286,,47.749301337265926
2024-05-15,61569.1130057734,61569.1130057734,61569.1130057734,61569.1130057734,21581895152.31416,61712.03472732239,-0.020828492954326983,0.024761368711044236,,52.19448205095444
2024-05-16,66220.51831432826,66220.51831432826,66220.51831432826,66220.51831432826,38101793065.15294,62427.03677097043,0.07554770698286162,0.03669887054666639,,68.97752118833941
2024-05-17,65260.879803346186,65260.879803346186,65260.879803346186,65260.879803346186,29114585833.349678,62728.791036720315,-0.01449155843853367,0.03670338489330454,,64.58738469963374
2024-05-18,67053.12326509564,67053.12326509564,67053.12326509564,67053.12326509564,25397793918.993534,63609.491967509464,0.027462753599861056,0.03244700633430067,,61.03970778373797
2024-05-19,66912.61861403697,66912.61861403697,66912.61861403697,66912.61861403697,13025487675.845129,64486.01290106158,-0.002095422915695977,0.032469405488232676,,58.47444851005378
2024-05-20,66252.71259591613,66252.71259591613,66252.71259591613,66252.71259591613,9072734600.009218,65163.96412846084,-0.009862205840833749,0.03375056752182112,,55.99191797776697
2024-05-21,71430.29700215145,71430.29700215145,71430.29700215145,71430.29700215145,35923476641.4359,66385.60894294971,0.07814901765327065,0.042335551851409185,,67.90936315725075
2024-05-22,70189.8358177002,70189.8358177002,70189.8358177002,70189.8358177002,41105056578.01701,67617.14077322498,-0.01736603705307138,0.04180787108289961,,66.66300046097308
2024-05-23,69181.20085677762,69181.20085677762,69181.20085677762,69181.20085677762,31059440495.91766,68040.0954221463,-0.014370100017646936,0.035023530181260636,,67.0596625837984
2024-05-24,67906.46534276106,67906.46534276106,67906.46534276106,67906.46534276106,39235702119.25446,68418.0362134913,-0.01842603912955454,0.035450674751026985,,60.48531944636928
2024-05-25,68539.91646552991,68539.91646552991,68539.91646552991,68539.91646552991,28127411967.182774,68630.43524212476,0.009328288839236087,0.034282357500264246,,68.16531474163426
2024-05-26,69268.44558973772,69268.44558973772,69268.44558973772,69268.44558973772,15929396750.116022,68966.98195293915,0.010629267757777283,0.03426599201706223,,69.58494321053038
2024-05-27,68508.83110875699,68508.83110875699,68508.83110875699,68508.83110875699,11243743771.147913,69289.28459763071,-0.010966241186929016,0.034350601798598925,,66.12710098085564
2024-05-28,69367.23871755725,69367.23871755725,69367.23871755725,69367.23871755725,18983806932.464344,68994.56198554582,0.012529882569993767,0.0141872367823668,,65.30672500895375
2024-05-29,68316.63588049631,68316.63588049631,68316.63588049631,68316.63588049631,31278122196.184998,68726.96199451669,-0.015145519073329172,0.013862058808635917,,66.11485808898036
2024-05-30,67577.26558995963,67577.26558995963,67577.26558995963,67577.26558995963,24320692137.62038,68497.82838497126,-0.010822697590525898,0.013469419801649023,,53.98488148021303
2024-05-31,68372.49288434093,68372.49288434093,68372.49288434093,68372.49288434093,25344376897.716885,68564.4037480541,0.011767674933853112,0.012613447929853472,,59.22819474257985
2024-06-01,67474.95483698409,67474.95483698409,67474.95483698409,67474.95483698409,19685305476.459476,68412.26637254756,-0.013127180383419867,0.013005339172628517,,51.321149385374184
2024-06-02,67704.32641811523,67704.32641811523,67704.32641811523,67704.32641811523,10724053324.55672,68188.82077660148,0.003399358794463625,0.012073912748318559,,52.465851794860114
2024-06-03,67740.01690222476,67740.01690222476,67740.01690222476,67740.01690222476,16137350587.750422,68078.99017566831,0.0005271521924479217,0.011613687130979003,,54.81976538276307
2024-06-04,68808.29368590549,68808.29368590549,68808.29368590549,68808.29368590549,29862293749.910686,67999.14088543235,0.01577024678370953,0.012312148337926758,,38.418622534130115
2024-06-05,70600.01116676089,70600.01116676089,70600.01116676089,70600.01116676089,31561053725.144592,68325.33735489871,0.026039266269763717,0.014175521367203422,,51.727611649115325
2024-06-06,71184.59943059199,71184.59943059199,71184.59943059199,71184.59943059199,32560403314.989147,68840.67076070335,0.008280285713415436,0.012395134756033583,,58.75066573033905
2024-06-07,70759.58819301432,70759.58819301432,70759.58819301432,70759.58819301432,23612879689.560955,69181.6843762281,-0.005970550385579809,0.013171461146819797,,63.46143278348521
2024-06-08,69325.36238847222,69325.36238847222,69325.36238847222,69325.36238847222,18597495569.911568,69446.02831215499,-0.02026899592221898,0.014963283805373916,,53.445490951822336
2024-06-09,69315.1041233966,69315.1041233966,69315.1041233966,69315.1041233966,10688301508.476225,69676.13941290947,-0.0001479727580526724,0.01504559832943274,,50.21844086391057
2024-06-10,69654.16073760358,69654.16073760358,69654.16073760358,69654.16073760358,10461044041.080194,69949.5885322493,0.004891525714271205,0.014994082026407365,,55.58188606359497
2024-06-11,69493.17760915738,69493.17760915738,69493.17760915738,69493.17760915738,19335866773.67523,70047.42909271385,-0.002311177490927574,0.014180911364631638,,50.65854408139957
2024-06-12,67329.15232724321,67329.15232724321,67329.15232724321,67329.15232724321,38513044382.60802,69580.16354421133,-0.03114011125070515,0.014159356633495723,,45.374931844465216
2024-06-13,68224.51967501991,68224.51967501991,68224.51967501991,68224.51967501991,36027809551.45211,69157.29500770103,0.013298360618367866,0.015135600345280716,,52.9878769736194
2024-06-14,66700.31696564378,66700.31696564378,66700.31696564378,66700.31696564378,29654777884.381138,68577.39911807668,-0.02234098116976857,0.01635493220030421,,42.76760103997608
2024-06-15,66011.07873713733,66011.07873713733,66011.07873713733,66011.07873713733,27966992832.749634,68103.93002502884,-0.010333357618997008,0.015553398175853182,,43.552350263192
2024-06-16,66190.4874891135,66190.4874891135,66190.4874891135,66190.4874891135,13472726244.723091,67657.55622013124,0.0027178582051445854,0.01579563290216044,,43.30281286203841
2024-06-17,66615.53782131766,66615.53782131766,66615.53782131766,66615.53782131766,12650130203.722813,67223.46723209039,0.006421622627784229,0.015988307165010627,,45.19100322891491
2024-06-18,66460.38897909952,66460.38897909952,66460.38897909952,66460.38897909952,29409728999.276093,66790.21171351071,-0.0023290188339287754,0.01598757766844228,,39.10816842629197
2024-06-19,65109.314812190474,65109.314812190474,65109.314812190474,65109.314812190474,41386972050.31837,66473.09206850317,-0.02032901383309582,0.01351223304196046,,23.443179975223657
2024-06-20,64907.07460760319,64907.07460760319,64907.07460760319,64907.07460760319,21680698980.889107,65999.1713445865,-0.0031061639209482017,0.011072966753321579,,18.4714144649935
2024-06-21,64844.67441797763,64844.67441797763,64844.67441797763,64844.67441797763,26001551474.84426,65734.07955206276,-0.0009613773229312228,0.008881735664035256,,19.169648852976778
2024-06-22,64071.624284709695,64071.624284709695,64071.624284709695,64071.624284709695,24694310198.90943,65457.014630287376,-0.011921567040108605,0.009088705290067937,,20.588727338547542
2024-06-23,64239.90348813148,64239.90348813148,64239.90348813148,64239.90348813148,6340606686.24879,65178.35977300424,0.0026264232458665937,0.009077138576345472,,22.082146425685494
2024-06-24,63221.35738437477,63221.35738437477,63221.35738437477,63221.35738437477,10748270931.518738,64693.47685344097,-0.015855349221452153,0.00861426118323433,,17.07547485171142
2024-06-25,60363.23497529626,60363.23497529626,60363.23497529626,60363.23497529626,42036553106.89028,63822.45485289764,-0.045208178491037865,0.016255174774491753,,13.38107685932529
2024-06-26,61770.413870095355,61770.413870095355,61770.413870095355,61770.413870095355,21105562261.648533,63345.469004026905,0.02331185357072041,0.020916375981719734,,26.26359010198354
2024-06-27,60749.89619402014,60749.89619402014,60749.89619402014,60749.89619402014,22908540918.971207,62751.58637351504,-0.016521140334616935,0.021081769524850594,,18.420084897885275
2024-06-28,61562.64532550036,61562.64532550036,61562.64532550036,61562.64532550036,18855138893.067604,62282.725074589725,0.013378609386993867,0.0226558240566183,,26.9051979285516
2024-06-29,60317.09697945116,60317.09697945116,60317.09697945116,60317.09697945116,24399416695.150173,61746.36403098136,-0.02023220963725003,0.023158500874489035,,25.62364720321183
2024-06-30,60864.44316193428,60864.44316193428,60864.44316193428,60864.44316193428,11435110883.886795,61264.15541295319,0.009074478214188275,0.023787882136541472,,27.89518967253119
2024-07-01,62734.39383945474,62734.39383945474,62734.39383945474,62734.39383945474,17373592048.120487,61194.58919225033,0.030723203571341617,0.027296157182607892,,35.61703153258486
2024-07-02,62819.82226921849,62819.82226921849,62819.82226921849,62819.82226921849,25573074910.689686,61545.53023423922,0.0013617479110801245,0.019111779628918767,,36.4384979636732
2024-07-03,62042.5650371006,62042.5650371006,62042.5650371006,62042.5650371006,18100530101.689426,61584.40897238283,-0.012372802151316309,0.018431383934895438,,38.0658350356105
2024-07-04,60244.68076433092,60244.68076433092,60244.68076433092,60244.68076433092,30348692427.02443,61512.23533957008,-0.02897823891862894,0.02082538152709809,,33.86073705375463
2024-07-05,57189.17412408636,57189.17412408636,57189.17412408636,57189.17412408636,43112005394.93119,60887.45373936808,-0.050718280875240884,0.02670704730796934,,28.04857514948435
2024-07-06,56739.86285107204,56739.86285107204,56739.86285107204,56739.86285107204,60081357583.2773,60376.42029245677,-0.007856579149743137,0.026336455356941083,,28.579170681949876
2024-07-07,58230.4841542266,58230.4841542266,58230.4841542266,58230.4841542266,21293913670.919975,60000.140434212815,0.02627114744825998,0.02891358715643506,,33.70191587619746
2024-07-08,55880.3753776708,55880.3753776708,55880.3753776708,55880.3753776708,20211914621.326435,59020.99493967226,-0.04035873667701961,0.026251454398414944,,31.431717710016798
2024-07-09,56665.140733520275,56665.140733520275,56665.140733520275,56665.140733520275,41614266908.30467,58141.7547202868,0.01404366650269595,0.02803393900231942,,39.549966554885536
2024-07-10,57988.30351208401,57988.30351208401,57988.30351208401,57988.30351208401,28413854577.262756,57562.57450242729,0.02335056017572046,0.03147915703620353,,39.261566131985234
2024-07-11,57704.202284462874,57704.202284462874,57704.202284462874,57704.202284462874,25987656347.278587,57199.64900530328,-0.004899285035333545,0.030246369145295545,,40.975048756673274
2024-07-12,57388.192479166675,57388.192479166675,57388.192479166675,57388.192479166675,29196653598.752666,57228.08019888618,-0.005476374211680013,0.022998242847348836,,37.255137510489945
2024-07-13,57899.28895749592,57899.28895749592,57899.28895749592,57899.28895749592,25504482306.198975,57393.71249980388,0.008905951838695358,0.022827841354673094,,42.271694976253116
2024-07-14,59152.71913887286,59152.71913887286,59152.71913887286,59152.71913887286,16765547593.243273,57525.46035475334,0.021648455515526077,0.02210178451321469,,44.76493272217169
2024-07-15,60942.32773996293,60942.32773996293,60942.32773996293,60942.32773996293,21295520563.65442,58248.596406509365,0.03025403780489966,0.013891272524340527,,44.49215055795732
2024-07-16,64835.48973321571,64835.48973321571,64835.48973321571,64835.48973321571,37810068492.862465,59415.789120751564,0.06388272548210927,0.02393081108254387,,55.02008582800706
2024-07-17,65162.23625234354,65162.23625234354,65162.23625234354,65162.23625234354,40914441633.09575,60440.636655074355,0.005039624447541247,0.024456014494897024,,57.94799826261383
2024-07-18,64136.31384360687,64136.31384360687,64136.31384360687,64136.31384360687,33459451713.593426,61359.50973495207,-0.015744125244010032,0.02634855407763707,,60.32068864854918
2024-07-19,63959.56900809379,63959.56900809379,63959.56900809379,63959.56900809379,25976148878.632153,62298.27781051309,-0.002755768533003966,0.02600537519295712,,71.19087084210764
2024-07-20,66689.54880734957,66689.54880734957,66689.54880734957,66689.54880734957,36994610752.230415,63554.029217635034,0.04268289861225161,0.02757948470880654,,77.25126050383484
2024-07-21,67206.06470614894,67206.06470614894,67206.06470614894,67206.06470614894,17353396168.041622,64704.50715581734,0.007745080121796422,0.027998547050538343,,75.96897271319165
2024-07-22,68088.13996324532,68088.13996324532,68088.13996324532,68088.13996324532,27078771827.95196,65725.33747342911,0.013124935390178782,0.027568650397902156,,88.59962267750741
2024-07-23,67607.71339918874,67607.71339918874,67607.71339918874,67607.71339918874,43157593651.80313,66121.36942571096,-0.007055950776683417,0.018797793146891652,,85.27817757493901
2024-07-24,65942.41746522837,65942.41746522837,65942.41746522837,65942.41746522837,36100536095.18872,66232.82388469452,-0.02463174466687923,0.02213798474486307,,75.090076314761
2024-07-25,65403.53513022529,65403.53513022529,65403.53513022529,65403.53513022529,28680123269.715443,66413.85549706858,-0.00817201364034359,0.021300783258924007,,73.90221740450768
2024-07-26,65749.96361965332,65749.96361965332,65749.96361965332,65749.96361965332,35836896135.542854,66669.6261558628,0.005296785391466274,0.021155641970555996,,75.90979101364005
2024-07-27,67920.2964857025,67920.2964857025,67920.2964857025,67920.2964857025,30821370069.206276,66845.44725277035,0.03300888314713002,0.018347945419485055,,78.1559338728525
2024-07-28,68055.40838968738,68055.40838968738,68055.40838968738,68055.40838968738,30976752616.761925,66966.78206470443,0.001989271410399507,0.01821577258043512,,76.69114545088871
2024-07-29,68242.2474440493,68242.2474440493,68242.2474440493,68242.2474440493,17175244020.36542,66988.79741910499,0.0027453961232892787,0.017564085506444196,,74.21286678102717
2024-07-30,66770.32091848266,66770.32091848266,66770.32091848266,66770.32091848266,42529043667.45024,66869.16992186126,-0.02156913906995006,0.019362861396156304,,57.64560286706102
2024-07-31,66219.05102486102,66219.05102486102,66219.05102486102,66219.05102486102,28892376510.689587,66908.68900180879,-0.00825621153288536,0.016959157890154324,,54.10325805220979
2024-08-01,64679.778647032515,64679.778647032515,64679.778647032515,64679.778647032515,31403681581.194077,66805.29521849552,-0.023245159119701153,0.019098406825080936,,52.02920123452003
2024-08-02,65357.52960767435,65357.52960767435,65357.52960767435,65357.52960767435,38911302447.60912,66749.23321678424,0.010478560298426753,0.01949894469852418,,55.03149203023592
2024-08-03,61407.29547397454,61407.29547397454,61407.29547397454,61407.29547397454,39004321616.3716,65818.80450082311,-0.060440383187860935,0.024040651260100434,,32.523402809132364
2024-08-04,60738.7449250574,60738.7449250574,60738.7449250574,60738.7449250574,32885545023.712658,64773.56686301882,-0.010887151823849361,0.023083072293230467,,28.815672027217516
2024-08-05,58006.206586686734,58006.206586686734,58006.206586686734,58006.206586686734,33664501541.451115,63311.27531196703,-0.044988389894164094,0.023705372647298655,,20.546257987356
2024-08-06,53956.26184159744,53956.26184159744,53956.26184159744,53956.26184159744,120245972389.37173,61480.695443840574,-0.06981916217942807,0.029602689976568466,,17.000575295792416
2024-08-07,55959.84107399357,55959.84107399357,55959.84107399357,55959.84107399357,52620100833.47091,60015.09402228808,0.03713339590274356,0.03864548637452287,,26.257581761555286
2024-08-08,55099.95181146735,55099.95181146735,55099.95181146735,55099.95181146735,41605918903.41173,58646.54733149306,-0.015366184857266152,0.038755468300051624,,25.86267000064504
2024-08-09,61859.03159904161,61859.03159904161,61859.03159904161,61859.03159904161,49201548320.290726,58146.76190168837,0.12266943192076574,0.0671871075966959,,42.99090788622024
2024-08-10,60912.588533350805,60912.588533350805,60912.588533350805,60912.588533350805,33804208928.47938,58076.08948159928,-0.015299998096081957,0.06313001990978671,,36.79407050695956
2024-08-11,60887.70861641504,60887.70861641504,60887.70861641504,60887.70861641504,13418919090.197285,58097.37000893609,-0.00040845279333590057,0.06293917990740946,,36.43621583676958
2024-08-12,58804.23449992608,58804.23449992608,58804.23449992608,58804.23449992608,21715994493.456894,58211.3739965417,-0.03421830388813907,0.061719219698633136,,33.33615482024162
2024-08-13,59350.07433270696,59350.07433270696,59350.07433270696,59350.07433270696,39403296385.84335,58981.91863812877,0.009282321884175992,0.0526230845353621,,36.45581839769522
2024-08-14,60601.22317789727,60601.22317789727,60601.22317789727,60601.22317789727,31955576195.246292,59644.97322440073,0.02108083029814889,0.05183285935089911,,40.00124086990498
2024-08-15,58739.19382231015,58739.19382231015,58739.19382231015,58739.19382231015,28079911397.67297,60164.86494023541,-0.030725936836638712,0.05350884311277721,,39.54688556525708
2024-08-16,57624.11692852191,57624.11692852191,57624.11692852191,57624.11692852191,33490251842.381626,59559.87713016117,-0.018983523968024274,0.0206342458863404,,36.59846302981233
2024-08-17,58881.92579151217,58881.92579151217,58881.92579151217,58881.92579151217,30368238897.207172,59269.78245275565,0.021827820191161917,0.023575822672042383,,45.17327526359013
2024-08-18,59430.79163445865,59430.79163445865,59430.79163445865,59430.79163445865,12467437134.05582,59061.6514553333,0.009321465552772246,0.02414359105028464,,47.488626632808874
2024-08-19,58438.293742685404,58438.293742685404,58438.293742685404,58438.293742685404,17656027563.72502,59009.37420429893,-0.01670006177736627,0.02111014716646667,,50.88904781978822
2024-08-20,59574.945812940874,59574.945812940874,59574.945812940874,59574.945812940874,24031330179.258953,59041.498701475204,0.019450466422930912,0.02223153087919409,,63.1355832019796
2024-08-21,59060.12610074137,59060.12610074137,59060.12610074137,59060.12610074137,31470716090.619144,58821.34197616722,-0.008641547301041386,0.02047063065180862,,57.79024593955024
2024-08-22,61144.68762866613,61144.68762866613,61144.68762866613,61144.68762866613,32960965010.60808,59164.98394850379,0.03529558207121042,0.02103376647860721,,64.30830128098353
2024-08-23,60387.54062321362,60387.54062321362,60387.54062321362,60387.54062321362,28170302505.847404,59559.758762031175,-0.01238287469960897,0.019844630180333413,,45.134359037016004
2024-08-24,64049.68561555576,64049.68561555576,64049.68561555576,64049.68561555576,45038665759.42134,60298.01016546598,0.06064404932785705,0.02832733842030764,,58.793817421941874
2024-08-25,64157.1606134782,64157.1606134782,64157.1606134782,64157.1606134782,22029153446.354362,60973.20573389734,0.0016779941523450415,0.028612861638701113,,59.12258808460594
2024-08-26,64265.81631272862,64265.81631272862,64265.81631272862,64265.81631272862,17875230147.044323,61805.70895818923,0.0016935864712752657,0.02636551491153992,,67.12661182988924
2024-08-27,62922.58634676265,62922.58634676265,62922.58634676265,62922.58634676265,17894692681.091812,62283.943320163766,-0.02090115776993451,0.02922210537537565,,60.66923832271331
2024-08-28,59526.560879590994,59526.560879590994,59526.560879590994,59526.560879590994,38131727427.91789,62350.576859999426,-0.05397148566742571,0.03744221137763021,,47.15501971977154
2024-08-29,59015.29633887944,59015.29633887944,59015.29633887944,59015.29633887944,42018989572.42786,62046.37810431561,-0.008588847283580336,0.03443724753273343,,50.7872347359775
2024-08-30,59351.5794909728,59351.5794909728,59351.5794909728,59351.5794909728,32563333956.986053,61898.38365685264,0.005698237117413463,0.034429645389414135,,55.154317768937744
2024-08-31,59156.246036463555,59156.246036463555,59156.246036463555,59156.246036463555,44038496614.947586,61199.320859839456,-0.003291124788666333,0.020858432005343343,,50.8739121006433
2024-09-01,58960.23658664587,58960.23658664587,58960.23658664587,58960.23658664587,11399086336.303324,60456.90314172056,-0.0033134193420060187,0.020429815539476485,,48.466458144452886
2024-09-02,57357.71617282246,57357.71617282246,57357.71617282246,57357.71617282246,25465621877.97047,59470.031693162535,-0.027179680859461985,0.02016190549135881,,46.613060195319434
2024-09-03,59108.73235863689,59108.73235863689,59108.73235863689,59108.73235863689,28012782290.96625,58925.19540914457,0.030527996974958116,0.026442854254958834,,48.59290184290197
2024-09-04,57504.538586220435,57504.538586220435,57504.538586220435,57504.538586220435,26829983370.35861,58636.33508152021,-0.027139708608250213,0.019904023893728345,,45.59469926858378
2024-09-05,57987.84601410068,57987.84601410068,57987.84601410068,57987.84601410068,37550380696.7459,58489.556463694666,0.008404683173930616,0.02038893937311371,,40.168424216389425
2024-09-06,56132.404732088595,56132.404732088595,56132.404732088595,56132.404732088595,30005773445.693718,58029.67435528264,-0.03199707196506152,0.02275641913871464,,37.59645397501629
2024-09-07,53923.35611071905,53923.35611071905,53923.35611071905,53923.35611071905,50260816556.81667,57282.118651604855,-0.03935424879644833,0.025504830174852736,,17.750141253359914
2024-09-08,54150.9383589072,54150.9383589072,54150.9383589072,54150.9383589072,17048448412.007126,56595.07604764219,0.004220476331644907,0.026126432423672158,,18.374595078892455
2024-09-09,54792.40755768575,54792.40755768575,54792.40755768575,54792.40755768575,18644823662.23431,56228.603388336945,0.0118459479783517,0.02645640572235476,,21.03415898437153
2024-09-10,57049.118751143265,57049.118751143265,57049.118751143265,57049.118751143265,35655419448.07046,55934.37287298071,0.04118656751999139,0.029098224681689724,,32.991435823206984
2024-09-11,57624.16178336144,57624.16178336144,57624.16178336144,57624.16178336144,29676093302.30697,55951.46190114371,0.010079788168623427,0.027678313618996555,,43.41512772742921
2024-09-12,57381.764445000474,57381.764445000474,57381.764445000474,57381.764445000474,37765652735.2964,55864.87881984369,-0.004206522591552075,0.027497497457873974,,44.23853420065374
2024-09-13,58106.951229815284,58106.951229815284,58106.951229815284,58106.951229815284,34177859933.02337,56146.95689094749,0.012637931088889554,0.024127646740615797,,45.727408138677205
2024-09-14,60620.62747295754,60620.62747295754,60620.62747295754,60620.62747295754,31919740723.76027,57103.70994269585,0.04325947567272226,0.01817078280207328,,54.336697030346215
2024-09-15,60003.29940083042,60003.29940083042,60003.29940083042,60003.29940083042,15800120841.166773,57939.76152011345,-0.010183465560505756,0.020522942328443344,,53.013774998152144
2024-09-16,59214.80226801806,59214.80226801806,59214.80226801806,59214.80226801806,17289597542.866756,58571.532193018065,-0.013140896262138768,0.02315600123730043,,55.63063950528578
2024-09-17,58211.123231286256,58211.123231286256,58211.123231286256,58211.123231286256,32196570894.402115,58737.53283303849,-0.0169497996833452,0.021008189084478372,,47.149281838335554
2024-09-18,60317.0319794625,60317.0319794625,60317.0319794625,60317.0319794625,34191170117.78261,59122.22857533865,0.03617708491569527,0.02448694172116386,,58.656342098787114
2024-09-19,61440.41208494509,61440.41208494509,61440.41208494509,61440.41208494509,40445339415.1129,59702.03538104502,0.01862459190407595,0.024296481341129467,,60.223555530719395
2024-09-20,62966.52931910512,62966.52931910512,62966.52931910512,62966.52931910512,41959080716.28771,60396.26082237215,0.024838981093584955,0.024941274062227067,,70.63938835323894
2024-09-21,63128.224540748255,63128.224540748255,63128.224540748255,63128.224540748255,35587830476.533394,60754.48897491367,0.0025679551245978427,0.020783383083592857,,81.7219546009786
2024-09-22,63403.402349259355,63403.402349259355,63403.402349259355,63403.402349259355,12938083115.659332,61240.21796754638,0.004359029744824827,0.01958971936918125,,81.78171949835134
2024-09-23,63582.59956924825,63296.54147492073,63296.54147492073,63582.59956924825,42188884627.78202,61823.323568532476,-0.001685412302481537,0.017930906411461577,,80.32499229506318
